label,frame,time,x,y,xoffset,yoffset,distance_to_t1,interaction_with_t1,distance_to_t3,interaction_with_t3,distance_to_t4,interaction_with_t4
t2,1,00:00:00,371.5,199.5,15.0,13.0,242.8,no-interaction,24.7,no-interaction,122.1,no-interaction
t2,2,00:00:00,371.5,199.5,15.0,13.0,242.8,no-interaction,24.7,no-interaction,122.1,no-interaction
t2,3,00:00:00,370.5,199.5,15.0,13.0,246.9,no-interaction,25.3,no-interaction,124.1,no-interaction
t2,4,00:00:00,369.5,199.5,15.0,13.0,249.6,no-interaction,25.9,no-interaction,127.1,no-interaction
t2,5,00:00:00,369.5,199.5,15.0,13.0,253.7,no-interaction,26.3,no-interaction,129.2,no-interaction
t2,6,00:00:00,368.5,200.5,15.0,13.0,257.7,no-interaction,24.9,no-interaction,130.3,no-interaction
t2,7,00:00:00,366.5,199.5,15.0,13.0,260.9,no-interaction,26.5,no-interaction,133.4,no-interaction
t2,8,00:00:00,365.5,200.5,15.0,13.0,264.5,no-interaction,26.2,no-interaction,134.5,no-interaction
t2,9,00:00:00,365.5,200.5,15.0,13.0,267.2,no-interaction,26.2,no-interaction,139.5,no-interaction
t2,10,00:00:00,364.5,200.5,15.0,13.0,271.3,no-interaction,27.0,no-interaction,143.6,no-interaction
t2,11,00:00:00,363.5,200.5,15.0,13.0,273.0,no-interaction,27.9,no-interaction,148.0,no-interaction
t2,12,00:00:00,363.5,200.5,15.0,13.0,274.9,no-interaction,27.3,no-interaction,151.1,no-interaction
t2,13,00:00:00,363.5,200.5,15.0,13.0,278.0,no-interaction,27.6,no-interaction,153.2,no-interaction
t2,14,00:00:00,363.5,201.5,15.0,13.0,283.5,no-interaction,27.1,no-interaction,157.5,no-interaction
t2,15,00:00:00,362.5,202.5,15.0,13.0,286.5,no-interaction,27.2,no-interaction,159.9,no-interaction
t2,16,00:00:00,361.5,201.5,15.0,13.0,288.4,no-interaction,27.8,no-interaction,161.2,no-interaction
t2,17,00:00:00,361.5,202.5,15.0,13.0,290.6,no-interaction,27.3,no-interaction,162.3,no-interaction
t2,18,00:00:00,360.5,202.5,15.0,13.0,293.7,no-interaction,27.9,no-interaction,165.6,no-interaction
t2,19,00:00:00,359.5,202.5,15.0,13.0,296.9,no-interaction,29.6,no-interaction,173.5,no-interaction
t2,20,00:00:00,359.5,202.5,15.0,13.0,298.7,no-interaction,30.5,no-interaction,178.8,no-interaction
t2,21,00:00:00,359.5,202.5,15.0,13.0,301.5,no-interaction,30.5,no-interaction,181.3,no-interaction
t2,22,00:00:00,359.5,203.5,15.0,13.0,302.8,no-interaction,30.8,no-interaction,184.6,no-interaction
t2,23,00:00:00,358.5,204.5,15.0,13.0,305.4,no-interaction,34.3,no-interaction,187.2,no-interaction
t2,24,00:00:00,357.5,204.5,15.0,13.0,306.3,no-interaction,36.7,no-interaction,195.7,no-interaction
t2,25,00:00:00,358.5,204.5,15.0,13.0,305.9,no-interaction,37.6,no-interaction,197.1,no-interaction
t2,26,00:00:00,357.5,205.5,15.0,13.0,309.1,no-interaction,41.0,no-interaction,200.7,no-interaction
t2,27,00:00:00,357.5,206.5,15.0,13.0,310.8,no-interaction,44.9,no-interaction,202.9,no-interaction
t2,28,00:00:00,357.5,205.5,15.0,13.0,311.3,no-interaction,47.6,no-interaction,208.5,no-interaction
t2,29,00:00:00,357.5,206.5,15.0,13.0,314.1,no-interaction,49.4,no-interaction,210.3,no-interaction
t2,30,00:00:01,357.5,205.5,15.0,13.0,314.2,no-interaction,52.7,no-interaction,212.5,no-interaction
t2,31,00:00:01,357.5,206.5,15.0,13.0,316.5,no-interaction,56.8,no-interaction,216.8,no-interaction
t2,32,00:00:01,357.5,206.5,15.0,13.0,317.4,no-interaction,60.4,no-interaction,221.8,no-interaction
t2,33,00:00:01,357.5,206.5,15.0,13.0,317.4,no-interaction,65.2,no-interaction,227.9,no-interaction
t2,34,00:00:01,356.5,207.5,15.0,13.0,319.2,no-interaction,69.3,no-interaction,232.9,no-interaction
t2,35,00:00:01,356.5,208.5,15.0,13.0,320.2,no-interaction,72.4,no-interaction,235.1,no-interaction
t2,36,00:00:01,356.5,208.5,15.0,13.0,320.2,no-interaction,77.3,no-interaction,239.0,no-interaction
t2,37,00:00:01,356.5,208.5,15.0,13.0,321.1,no-interaction,80.7,no-interaction,242.5,no-interaction
t2,38,00:00:01,356.5,209.5,15.0,13.0,323.3,no-interaction,85.2,no-interaction,247.6,no-interaction
t2,39,00:00:01,356.5,210.5,15.0,13.0,325.2,no-interaction,89.3,no-interaction,250.9,no-interaction
t2,40,00:00:01,356.5,210.5,15.0,13.0,324.4,no-interaction,92.4,no-interaction,255.0,no-interaction
t2,41,00:00:01,356.5,211.5,15.0,13.0,325.0,no-interaction,97.8,no-interaction,258.3,no-interaction
t2,42,00:00:01,357.5,212.5,15.0,13.0,323.5,no-interaction,99.2,no-interaction,264.1,no-interaction
t2,43,00:00:01,357.5,212.5,15.0,13.0,325.0,no-interaction,101.4,no-interaction,266.7,no-interaction
t2,44,00:00:01,357.5,213.5,15.0,13.0,327.2,no-interaction,103.6,no-interaction,270.5,no-interaction
t2,45,00:00:01,358.5,214.5,15.0,13.0,327.8,no-interaction,104.1,no-interaction,272.2,no-interaction
t2,46,00:00:01,358.5,214.5,15.0,13.0,328.9,no-interaction,105.5,no-interaction,278.5,no-interaction
t2,47,00:00:01,358.5,215.5,15.0,13.0,331.1,no-interaction,107.9,no-interaction,281.1,no-interaction
t2,48,00:00:01,359.5,217.5,15.0,13.0,331.5,no-interaction,108.9,no-interaction,281.1,no-interaction
t2,49,00:00:01,360.5,217.5,15.0,13.0,330.4,no-interaction,109.4,no-interaction,286.0,no-interaction
t2,50,00:00:01,360.5,217.5,15.0,13.0,332.9,no-interaction,111.9,no-interaction,290.1,no-interaction
t2,51,00:00:01,360.5,218.5,15.0,13.0,333.8,no-interaction,114.4,no-interaction,292.4,no-interaction
t2,52,00:00:01,361.5,219.5,15.0,13.0,335.7,no-interaction,115.6,no-interaction,294.7,no-interaction
t2,53,00:00:01,363.5,221.5,15.0,13.0,336.0,no-interaction,117.9,no-interaction,296.3,no-interaction
t2,54,00:00:01,363.5,223.5,15.0,13.0,339.5,no-interaction,121.0,no-interaction,295.2,no-interaction
t2,55,00:00:01,363.5,224.5,15.0,13.0,342.9,no-interaction,123.6,no-interaction,301.2,no-interaction
t2,56,00:00:01,363.5,224.5,15.0,13.0,344.5,no-interaction,125.7,no-interaction,303.0,no-interaction
t2,57,00:00:01,363.5,226.5,15.0,13.0,346.4,no-interaction,128.9,no-interaction,305.4,no-interaction
t2,58,00:00:01,364.5,227.5,15.0,13.0,347.6,no-interaction,130.9,no-interaction,307.0,no-interaction
t2,59,00:00:01,364.5,229.5,15.0,13.0,349.2,no-interaction,133.7,no-interaction,309.8,no-interaction
t2,60,00:00:02,363.5,232.5,15.0,13.0,352.7,no-interaction,139.3,no-interaction,311.4,no-interaction
t2,61,00:00:02,364.5,234.5,15.0,13.0,353.6,no-interaction,143.6,no-interaction,310.1,no-interaction
t2,62,00:00:02,364.5,236.5,15.0,13.0,355.2,no-interaction,147.2,no-interaction,310.7,no-interaction
t2,63,00:00:02,363.5,239.5,15.0,13.0,360.6,no-interaction,153.9,no-interaction,312.2,no-interaction
t2,64,00:00:02,364.5,242.5,15.0,13.0,360.2,no-interaction,157.7,no-interaction,312.4,no-interaction
t2,65,00:00:02,363.5,243.5,15.0,13.0,361.5,no-interaction,161.9,no-interaction,315.4,no-interaction
t2,66,00:00:02,362.5,247.5,15.0,13.0,367.2,no-interaction,169.8,no-interaction,316.2,no-interaction
t2,67,00:00:02,361.5,250.5,15.0,13.0,370.3,no-interaction,175.0,no-interaction,316.6,no-interaction
t2,68,00:00:02,362.5,254.5,15.0,13.0,372.9,no-interaction,181.1,no-interaction,316.5,no-interaction
t2,69,00:00:02,361.5,257.5,15.0,13.0,375.7,no-interaction,189.1,no-interaction,319.3,no-interaction
t2,70,00:00:02,361.5,261.5,15.0,13.0,379.5,no-interaction,195.1,no-interaction,316.6,no-interaction
t2,71,00:00:02,359.5,263.5,15.0,13.0,384.2,no-interaction,201.9,no-interaction,318.2,no-interaction
t2,72,00:00:02,359.5,265.5,15.0,13.0,386.4,no-interaction,207.7,no-interaction,317.8,no-interaction
t2,73,00:00:02,357.5,269.5,15.0,13.0,389.9,no-interaction,213.5,no-interaction,317.8,no-interaction
t2,74,00:00:02,357.5,272.5,15.0,13.0,392.1,no-interaction,220.1,no-interaction,315.5,no-interaction
t2,75,00:00:02,357.5,276.5,15.0,13.0,395.6,no-interaction,226.7,no-interaction,312.6,no-interaction
t2,76,00:00:02,357.5,280.5,15.0,13.0,398.8,no-interaction,232.5,no-interaction,309.6,no-interaction
t2,77,00:00:02,356.5,282.5,15.0,13.0,399.7,no-interaction,237.1,no-interaction,308.6,no-interaction
t2,78,00:00:02,354.5,284.5,15.0,13.0,402.2,no-interaction,243.1,no-interaction,308.5,no-interaction
t2,79,00:00:02,354.5,286.5,15.0,13.0,403.2,no-interaction,245.9,no-interaction,305.8,no-interaction
t2,80,00:00:02,353.5,288.5,15.0,13.0,407.0,no-interaction,250.6,no-interaction,304.7,no-interaction
t2,81,00:00:02,353.5,290.5,15.0,13.0,407.9,no-interaction,254.8,no-interaction,303.3,no-interaction
t2,82,00:00:02,354.5,292.5,15.0,13.0,409.5,no-interaction,256.2,no-interaction,300.5,no-interaction
t2,83,00:00:02,354.5,296.5,15.0,13.0,411.4,no-interaction,259.2,no-interaction,298.4,no-interaction
t2,84,00:00:02,355.5,298.5,15.0,13.0,411.4,no-interaction,260.0,no-interaction,295.6,no-interaction
t2,85,00:00:02,356.5,300.5,15.0,13.0,410.2,no-interaction,261.4,no-interaction,293.7,no-interaction
t2,86,00:00:02,355.5,303.5,15.0,13.0,413.1,no-interaction,264.2,no-interaction,294.2,no-interaction
t2,87,00:00:02,356.5,308.5,15.0,13.0,413.4,no-interaction,268.7,no-interaction,290.8,no-interaction
t2,88,00:00:02,357.5,311.5,15.0,13.0,414.0,no-interaction,270.7,no-interaction,289.3,no-interaction
t2,89,00:00:02,360.5,316.5,15.0,13.0,412.7,no-interaction,273.3,no-interaction,284.7,no-interaction
t2,90,00:00:03,360.5,318.5,15.0,13.0,414.3,no-interaction,274.7,no-interaction,285.1,no-interaction
t2,91,00:00:03,360.5,321.5,15.0,13.0,412.5,no-interaction,277.5,no-interaction,285.4,no-interaction
t2,92,00:00:03,361.5,325.5,15.0,13.0,411.8,no-interaction,280.5,no-interaction,285.8,no-interaction
t2,93,00:00:03,362.5,330.5,15.0,13.0,411.4,no-interaction,284.5,no-interaction,285.3,no-interaction
t2,94,00:00:03,364.5,333.5,15.0,13.0,410.5,no-interaction,286.3,no-interaction,284.5,no-interaction
t2,95,00:00:03,366.5,338.5,15.0,13.0,411.1,no-interaction,289.6,no-interaction,283.7,no-interaction
t2,96,00:00:03,366.5,339.5,15.0,13.0,409.3,no-interaction,291.0,no-interaction,286.5,no-interaction
t2,97,00:00:03,366.5,343.5,15.0,13.0,409.9,no-interaction,294.8,no-interaction,286.3,no-interaction
t2,98,00:00:03,367.5,348.5,15.0,13.0,408.6,no-interaction,298.9,no-interaction,284.8,no-interaction
t2,99,00:00:03,369.5,349.5,15.0,13.0,405.8,no-interaction,298.3,no-interaction,283.1,no-interaction
t2,100,00:00:03,370.5,351.5,15.0,13.0,404.2,no-interaction,301.4,no-interaction,283.6,no-interaction
t2,101,00:00:03,371.5,354.5,15.0,13.0,406.1,no-interaction,303.8,no-interaction,283.5,no-interaction
t2,102,00:00:03,373.5,356.5,15.0,13.0,404.9,no-interaction,305.5,no-interaction,281.8,no-interaction
t2,103,00:00:03,373.5,359.5,15.0,13.0,405.8,no-interaction,309.1,no-interaction,281.4,no-interaction
t2,104,00:00:03,373.5,364.5,15.0,13.0,407.7,no-interaction,314.9,no-interaction,280.0,no-interaction
t2,105,00:00:03,373.5,365.5,15.0,13.0,405.8,no-interaction,317.7,no-interaction,280.3,no-interaction
t2,106,00:00:03,376.5,369.5,15.0,13.0,404.2,no-interaction,321.9,no-interaction,277.2,no-interaction
t2,107,00:00:03,376.5,372.5,15.0,13.0,404.9,no-interaction,326.3,no-interaction,278.2,no-interaction
t2,108,00:00:03,377.5,373.5,15.0,13.0,404.4,no-interaction,327.7,no-interaction,277.9,no-interaction
t2,109,00:00:03,378.5,379.5,15.0,13.0,402.7,no-interaction,333.0,no-interaction,277.8,no-interaction
t2,110,00:00:03,378.5,382.5,15.0,13.0,402.0,no-interaction,337.1,no-interaction,279.4,no-interaction
t2,111,00:00:03,381.5,384.5,15.0,13.0,398.2,no-interaction,338.8,no-interaction,277.7,no-interaction
t2,112,00:00:03,384.5,387.5,15.0,13.0,395.6,no-interaction,341.3,no-interaction,277.0,no-interaction
t2,113,00:00:03,385.5,390.5,15.0,13.0,395.0,no-interaction,344.9,no-interaction,278.1,no-interaction
t2,114,00:00:03,386.5,393.5,15.0,13.0,394.4,no-interaction,347.7,no-interaction,281.3,no-interaction
t2,115,00:00:03,387.5,396.5,15.0,13.0,392.8,no-interaction,352.1,no-interaction,282.7,no-interaction
t2,116,00:00:03,390.5,397.5,15.0,13.0,388.1,no-interaction,351.3,no-interaction,281.2,no-interaction
t2,117,00:00:03,392.5,400.5,15.0,13.0,384.2,no-interaction,355.7,no-interaction,281.5,no-interaction
t2,118,00:00:03,395.5,401.5,15.0,13.0,380.5,no-interaction,356.6,no-interaction,281.1,no-interaction
t2,119,00:00:03,398.5,404.5,15.0,13.0,377.3,no-interaction,361.3,no-interaction,280.5,no-interaction
t2,120,00:00:04,399.5,405.5,15.0,13.0,377.1,no-interaction,364.6,no-interaction,283.2,no-interaction
t2,121,00:00:04,401.5,408.5,15.0,13.0,374.5,no-interaction,367.1,no-interaction,284.4,no-interaction
t2,122,00:00:04,404.5,410.5,15.0,13.0,373.6,no-interaction,371.6,no-interaction,283.8,no-interaction
t2,123,00:00:04,406.5,412.5,15.0,13.0,369.8,no-interaction,374.4,no-interaction,285.4,no-interaction
t2,124,00:00:04,410.5,413.5,15.0,13.0,363.6,no-interaction,374.1,no-interaction,283.3,no-interaction
t2,125,00:00:04,413.5,415.5,15.0,13.0,361.4,no-interaction,377.2,no-interaction,284.9,no-interaction
t2,126,00:00:04,416.5,417.5,15.0,13.0,358.8,no-interaction,381.1,no-interaction,284.7,no-interaction
t2,127,00:00:04,417.5,420.5,15.0,13.0,358.2,no-interaction,384.2,no-interaction,284.6,no-interaction
t2,128,00:00:04,421.5,423.5,15.0,13.0,355.4,no-interaction,386.4,no-interaction,283.5,no-interaction
t2,129,00:00:04,423.5,425.5,15.0,13.0,348.8,no-interaction,389.5,no-interaction,284.5,no-interaction
t2,130,00:00:04,427.5,427.5,15.0,13.0,344.0,no-interaction,391.5,no-interaction,284.6,no-interaction
t2,131,00:00:04,430.5,429.5,15.0,13.0,341.8,no-interaction,394.1,no-interaction,284.8,no-interaction
t2,132,00:00:04,432.5,431.5,15.0,13.0,338.3,no-interaction,397.2,no-interaction,284.0,no-interaction
t2,133,00:00:04,433.5,435.5,15.0,13.0,338.0,no-interaction,401.6,no-interaction,285.4,no-interaction
t2,134,00:00:04,436.5,438.5,15.0,13.0,334.5,no-interaction,403.4,no-interaction,283.9,no-interaction
t2,135,00:00:04,438.5,440.5,15.0,13.0,332.3,no-interaction,405.6,no-interaction,286.4,no-interaction
t2,136,00:00:04,440.5,441.5,15.0,13.0,326.4,no-interaction,407.8,no-interaction,287.9,no-interaction
t2,137,00:00:04,442.5,443.5,15.0,13.0,324.7,no-interaction,409.2,no-interaction,286.6,no-interaction
t2,138,00:00:04,444.5,444.5,15.0,13.0,322.8,no-interaction,411.4,no-interaction,285.1,no-interaction
t2,139,00:00:04,446.5,445.5,15.0,13.0,321.2,no-interaction,411.4,no-interaction,283.9,no-interaction
t2,140,00:00:04,448.5,450.5,15.0,13.0,320.4,no-interaction,414.9,no-interaction,282.5,no-interaction
t2,141,00:00:04,450.5,451.5,15.0,13.0,319.5,no-interaction,414.4,no-interaction,281.0,no-interaction
t2,142,00:00:04,453.5,455.5,15.0,13.0,318.8,no-interaction,416.0,no-interaction,279.4,no-interaction
t2,143,00:00:04,459.5,456.5,15.0,13.0,312.4,no-interaction,413.9,no-interaction,275.0,no-interaction
t2,144,00:00:04,461.5,456.5,15.0,13.0,311.5,no-interaction,412.9,no-interaction,273.4,no-interaction
t2,145,00:00:04,464.5,458.5,15.0,13.0,309.0,no-interaction,413.8,no-interaction,271.0,no-interaction
t2,146,00:00:04,467.5,462.5,15.0,13.0,305.9,no-interaction,415.0,no-interaction,269.4,no-interaction
t2,147,00:00:04,470.5,462.5,15.0,13.0,304.0,no-interaction,413.7,no-interaction,266.9,no-interaction
t2,148,00:00:04,474.5,462.5,15.0,13.0,299.2,no-interaction,411.5,no-interaction,263.9,no-interaction
t2,149,00:00:04,475.5,462.5,15.0,13.0,298.3,no-interaction,409.7,no-interaction,264.5,no-interaction
t2,150,00:00:05,478.5,462.5,15.0,13.0,296.0,no-interaction,407.9,no-interaction,263.3,no-interaction
t2,151,00:00:05,483.5,463.5,15.0,13.0,288.8,no-interaction,406.0,no-interaction,263.7,no-interaction
t2,152,00:00:05,486.5,465.5,15.0,13.0,286.6,no-interaction,406.0,no-interaction,262.3,no-interaction
t2,153,00:00:05,486.5,466.5,15.0,13.0,286.6,no-interaction,405.6,no-interaction,262.5,no-interaction
t2,154,00:00:05,490.5,467.5,15.0,13.0,280.0,no-interaction,403.8,no-interaction,264.3,no-interaction
t2,155,00:00:05,491.5,468.5,15.0,13.0,278.1,no-interaction,403.8,no-interaction,265.1,no-interaction
t2,156,00:00:05,494.5,466.5,15.0,13.0,273.3,no-interaction,399.3,no-interaction,263.7,no-interaction
t2,157,00:00:05,498.5,465.5,15.0,13.0,268.2,no-interaction,394.9,no-interaction,262.3,no-interaction
t2,158,00:00:05,501.5,466.5,15.0,13.0,264.4,no-interaction,394.0,no-interaction,263.1,no-interaction
t2,159,00:00:05,503.5,466.5,15.0,13.0,259.7,no-interaction,393.1,no-interaction,263.4,no-interaction
t2,160,00:00:05,506.5,467.5,15.0,13.0,256.2,no-interaction,393.1,no-interaction,264.3,no-interaction
t2,161,00:00:05,508.5,469.5,15.0,13.0,254.7,no-interaction,392.6,no-interaction,266.1,no-interaction
t2,162,00:00:05,511.5,470.5,15.0,13.0,249.3,no-interaction,391.7,no-interaction,268.9,no-interaction
t2,163,00:00:05,516.5,469.5,15.0,13.0,243.3,no-interaction,389.4,no-interaction,268.1,no-interaction
t2,164,00:00:05,518.5,471.5,15.0,13.0,239.6,no-interaction,389.4,no-interaction,268.7,no-interaction
t2,165,00:00:05,520.5,471.5,15.0,13.0,235.5,no-interaction,388.6,no-interaction,269.9,no-interaction
t2,166,00:00:05,523.5,474.5,15.0,13.0,233.1,no-interaction,388.6,no-interaction,271.3,no-interaction
t2,167,00:00:05,528.5,475.5,15.0,13.0,225.8,no-interaction,387.2,no-interaction,268.9,no-interaction
t2,168,00:00:05,530.5,476.5,15.0,13.0,222.6,no-interaction,387.6,no-interaction,271.1,no-interaction
t2,169,00:00:05,534.5,475.5,15.0,13.0,217.3,no-interaction,384.9,no-interaction,268.3,no-interaction
t2,170,00:00:05,537.5,476.5,15.0,13.0,211.9,no-interaction,383.6,no-interaction,267.0,no-interaction
t2,171,00:00:05,540.5,476.5,15.0,13.0,205.9,no-interaction,381.8,no-interaction,267.1,no-interaction
t2,172,00:00:05,542.5,478.5,15.0,13.0,202.8,no-interaction,382.2,no-interaction,266.2,no-interaction
t2,173,00:00:05,544.5,479.5,15.0,13.0,199.1,no-interaction,382.7,no-interaction,266.4,no-interaction
t2,174,00:00:05,549.5,480.5,15.0,13.0,193.2,no-interaction,380.9,no-interaction,264.3,no-interaction
t2,175,00:00:05,554.5,478.5,15.0,13.0,185.3,no-interaction,376.4,no-interaction,260.3,no-interaction
t2,176,00:00:05,556.5,479.5,15.0,13.0,178.6,no-interaction,375.5,no-interaction,261.2,no-interaction
t2,177,00:00:05,559.5,479.5,15.0,13.0,174.6,no-interaction,371.9,no-interaction,259.5,no-interaction
t2,178,00:00:05,565.5,479.5,15.0,13.0,165.8,no-interaction,367.4,no-interaction,255.7,no-interaction
t2,179,00:00:05,569.5,480.5,15.0,13.0,159.5,no-interaction,365.1,no-interaction,254.9,no-interaction
t2,180,00:00:06,572.5,477.5,15.0,13.0,153.4,no-interaction,359.8,no-interaction,254.2,no-interaction
t2,181,00:00:06,574.5,475.5,15.0,13.0,147.8,no-interaction,354.9,no-interaction,255.0,no-interaction
t2,182,00:00:06,577.5,474.5,15.0,13.0,140.8,no-interaction,350.4,no-interaction,253.7,no-interaction
t2,183,00:00:06,581.5,473.5,15.0,13.0,133.8,no-interaction,345.0,no-interaction,252.6,no-interaction
t2,184,00:00:06,583.5,473.5,15.0,13.0,129.1,no-interaction,342.3,no-interaction,252.9,no-interaction
t2,185,00:00:06,588.5,471.5,15.0,13.0,119.6,no-interaction,337.0,no-interaction,253.5,no-interaction
t2,186,00:00:06,589.5,468.5,15.0,13.0,114.2,no-interaction,332.1,no-interaction,253.0,no-interaction
t2,187,00:00:06,592.5,465.5,15.0,13.0,108.2,no-interaction,325.3,no-interaction,250.7,no-interaction
t2,188,00:00:06,595.5,463.5,15.0,13.0,101.2,no-interaction,320.9,no-interaction,249.9,no-interaction
t2,189,00:00:06,599.5,463.5,15.0,13.0,93.3,no-interaction,316.9,no-interaction,250.8,no-interaction
t2,190,00:00:06,603.5,462.5,15.0,13.0,83.5,no-interaction,312.4,no-interaction,253.0,no-interaction
t2,191,00:00:06,606.5,460.5,15.0,13.0,77.5,no-interaction,305.7,no-interaction,252.4,no-interaction
t2,192,00:00:06,609.5,457.5,15.0,13.0,69.4,no-interaction,300.3,no-interaction,249.4,no-interaction
t2,193,00:00:06,614.5,456.5,15.0,13.0,62.1,no-interaction,296.4,no-interaction,247.6,no-interaction
t2,194,00:00:06,615.5,456.5,15.0,13.0,59.2,no-interaction,295.1,no-interaction,249.1,no-interaction
t2,195,00:00:06,616.5,457.5,15.0,13.0,57.0,no-interaction,294.1,no-interaction,252.0,no-interaction
t2,196,00:00:06,615.5,458.5,15.0,13.0,59.2,no-interaction,295.4,no-interaction,256.0,no-interaction
t2,197,00:00:06,616.5,458.5,15.0,13.0,57.3,no-interaction,295.0,no-interaction,257.6,no-interaction
t2,198,00:00:06,615.5,459.5,15.0,13.0,59.5,no-interaction,296.7,no-interaction,260.3,no-interaction
t2,199,00:00:06,616.5,460.5,15.0,13.0,57.9,no-interaction,295.4,no-interaction,260.6,no-interaction
t2,200,00:00:06,616.5,460.5,15.0,13.0,58.8,no-interaction,295.0,no-interaction,260.6,no-interaction
t2,201,00:00:06,616.5,460.5,15.0,13.0,57.9,no-interaction,294.1,no-interaction,260.6,no-interaction
t2,202,00:00:06,617.5,461.5,15.0,13.0,57.9,no-interaction,294.1,no-interaction,263.7,no-interaction
t2,203,00:00:06,619.5,462.5,15.0,13.0,56.0,no-interaction,292.8,no-interaction,264.1,no-interaction
t2,204,00:00:06,621.5,463.5,15.0,13.0,54.4,no-interaction,289.7,no-interaction,267.2,no-interaction
t2,205,00:00:06,622.5,464.5,15.0,13.0,53.9,no-interaction,287.9,no-interaction,269.1,no-interaction
t2,206,00:00:06,622.5,464.5,15.0,13.0,53.9,no-interaction,285.8,no-interaction,272.3,no-interaction
t2,207,00:00:06,622.5,464.5,15.0,13.0,54.4,no-interaction,283.7,no-interaction,276.0,no-interaction
t2,208,00:00:06,622.5,465.5,15.0,13.0,56.3,no-interaction,283.4,no-interaction,280.5,no-interaction
t2,209,00:00:06,623.5,468.5,15.0,13.0,57.4,no-interaction,283.7,no-interaction,287.0,no-interaction
t2,210,00:00:07,624.5,468.5,15.0,13.0,57.0,no-interaction,279.3,no-interaction,289.0,no-interaction
t2,211,00:00:07,623.5,468.5,15.0,13.0,59.1,no-interaction,275.4,no-interaction,289.9,no-interaction
t2,212,00:00:07,624.5,469.5,15.0,13.0,59.1,no-interaction,274.1,no-interaction,296.0,no-interaction
t2,213,00:00:07,624.5,470.5,15.0,13.0,58.9,no-interaction,270.8,no-interaction,300.6,no-interaction
t2,214,00:00:07,624.5,470.5,15.0,13.0,60.2,no-interaction,266.9,no-interaction,307.0,no-interaction
t2,215,00:00:07,624.5,470.5,15.0,13.0,60.2,no-interaction,265.2,no-interaction,311.3,no-interaction
t2,216,00:00:07,624.5,470.5,15.0,13.0,61.5,no-interaction,259.9,no-interaction,313.1,no-interaction
t2,217,00:00:07,624.5,470.5,15.0,13.0,61.1,no-interaction,256.8,no-interaction,317.8,no-interaction
t2,218,00:00:07,624.5,470.5,15.0,13.0,61.5,no-interaction,253.4,no-interaction,320.3,no-interaction
t2,219,00:00:07,624.5,470.5,15.0,13.0,61.1,no-interaction,249.5,no-interaction,324.4,no-interaction
t2,220,00:00:07,625.5,470.5,15.0,13.0,60.5,no-interaction,245.9,no-interaction,329.4,no-interaction
t2,221,00:00:07,627.5,470.5,15.0,13.0,58.3,no-interaction,239.8,no-interaction,330.9,no-interaction
t2,222,00:00:07,627.5,470.5,15.0,13.0,59.6,no-interaction,234.8,no-interaction,335.4,no-interaction
t2,223,00:00:07,627.5,470.5,15.0,13.0,58.3,no-interaction,231.7,no-interaction,336.7,no-interaction
t2,224,00:00:07,627.5,470.5,15.0,13.0,59.6,no-interaction,228.4,no-interaction,341.1,no-interaction
t2,225,00:00:07,628.5,470.5,15.0,13.0,58.7,no-interaction,224.8,no-interaction,344.1,no-interaction
t2,226,00:00:07,627.5,470.5,15.0,13.0,60.9,no-interaction,222.3,no-interaction,346.7,no-interaction
t2,227,00:00:07,628.5,470.5,15.0,13.0,62.2,no-interaction,219.3,no-interaction,347.8,no-interaction
t2,228,00:00:07,628.5,470.5,15.0,13.0,62.2,no-interaction,216.0,no-interaction,349.5,no-interaction
t2,229,00:00:07,628.5,470.5,15.0,13.0,62.2,no-interaction,213.1,no-interaction,351.1,no-interaction
t2,230,00:00:07,628.5,470.5,15.0,13.0,62.2,no-interaction,209.9,no-interaction,350.9,no-interaction
t2,231,00:00:07,628.5,470.5,15.0,13.0,62.6,no-interaction,207.5,no-interaction,352.0,no-interaction
t2,232,00:00:07,629.5,470.5,15.0,13.0,62.2,no-interaction,203.0,no-interaction,352.0,no-interaction
t2,233,00:00:07,630.5,470.5,15.0,13.0,60.4,no-interaction,200.6,no-interaction,351.9,no-interaction
t2,234,00:00:07,630.5,469.5,15.0,13.0,58.1,no-interaction,196.1,no-interaction,352.6,no-interaction
t2,235,00:00:07,630.5,469.5,15.0,13.0,57.7,no-interaction,193.7,no-interaction,352.0,no-interaction
t2,236,00:00:07,631.5,469.5,15.0,13.0,57.3,no-interaction,190.7,no-interaction,352.9,no-interaction
t2,237,00:00:07,634.5,468.5,15.0,13.0,53.3,no-interaction,182.9,no-interaction,350.4,no-interaction
t2,238,00:00:07,634.5,468.5,15.0,13.0,52.7,no-interaction,180.6,no-interaction,349.9,no-interaction
t2,239,00:00:07,635.5,468.5,15.0,13.0,51.0,no-interaction,177.7,no-interaction,350.4,no-interaction
t2,240,00:00:08,636.5,468.5,15.0,13.0,50.8,no-interaction,173.3,no-interaction,350.9,no-interaction
t2,241,00:00:08,636.5,468.5,15.0,13.0,51.4,no-interaction,170.4,no-interaction,350.5,no-interaction
t2,242,00:00:08,637.5,468.5,15.0,13.0,49.2,no-interaction,166.2,no-interaction,351.0,no-interaction
t2,243,00:00:08,640.5,468.5,15.0,13.0,46.8,no-interaction,160.5,no-interaction,350.0,no-interaction
t2,244,00:00:08,640.5,467.5,15.0,13.0,46.2,no-interaction,157.0,no-interaction,350.7,no-interaction
t2,245,00:00:08,641.5,468.5,15.0,13.0,46.0,no-interaction,153.5,no-interaction,354.3,no-interaction
t2,246,00:00:08,644.5,467.5,15.0,13.0,42.4,no-interaction,147.8,no-interaction,353.8,no-interaction
t2,247,00:00:08,645.5,468.5,15.0,13.0,43.1,no-interaction,144.3,no-interaction,356.6,no-interaction
t2,248,00:00:08,648.5,467.5,15.0,13.0,39.1,no-interaction,137.9,no-interaction,356.3,no-interaction
t2,249,00:00:08,649.5,468.5,15.0,13.0,38.6,no-interaction,134.4,no-interaction,359.2,no-interaction
t2,250,00:00:08,651.5,467.5,15.0,13.0,35.5,no-interaction,129.4,no-interaction,362.0,no-interaction
t2,251,00:00:08,653.5,467.5,15.0,13.0,34.0,no-interaction,125.2,no-interaction,366.0,no-interaction
t2,252,00:00:08,656.5,466.5,15.0,13.0,31.8,no-interaction,118.8,no-interaction,367.0,no-interaction
t2,253,00:00:08,657.5,464.5,15.0,13.0,29.2,no-interaction,111.7,no-interaction,367.2,no-interaction
t2,254,00:00:08,659.5,463.5,15.0,13.0,26.9,no-interaction,106.8,no-interaction,367.3,no-interaction
t2,255,00:00:08,661.5,463.5,15.0,13.0,25.2,no-interaction,101.8,no-interaction,372.6,no-interaction
t2,256,00:00:08,663.5,462.5,15.0,13.0,24.0,no-interaction,95.5,no-interaction,374.1,no-interaction
t2,257,00:00:08,665.5,461.5,15.0,13.0,22.6,no-interaction,89.1,no-interaction,374.4,no-interaction
t2,258,00:00:08,666.5,460.5,15.0,13.0,21.0,no-interaction,84.9,no-interaction,376.1,no-interaction
t2,259,00:00:08,667.5,457.5,15.0,13.0,18.6,no-interaction,77.8,no-interaction,374.4,no-interaction
t2,260,00:00:08,669.5,457.5,15.0,13.0,21.9,no-interaction,75.0,no-interaction,376.1,no-interaction
t2,261,00:00:08,671.5,456.5,15.0,13.0,21.6,no-interaction,70.0,no-interaction,376.0,no-interaction
t2,262,00:00:08,672.5,454.5,15.0,13.0,21.9,no-interaction,66.5,no-interaction,374.8,no-interaction
t2,263,00:00:08,673.5,453.5,15.0,13.0,23.8,no-interaction,61.5,no-interaction,373.4,no-interaction
t2,264,00:00:08,674.5,453.5,15.0,13.0,25.3,no-interaction,60.8,no-interaction,372.0,no-interaction
t2,265,00:00:08,673.5,453.5,15.0,13.0,24.1,no-interaction,61.5,no-interaction,372.5,no-interaction
t2,266,00:00:08,674.5,453.5,15.0,13.0,27.0,no-interaction,60.8,no-interaction,371.1,no-interaction
t2,267,00:00:08,673.5,453.5,15.0,13.0,27.1,no-interaction,61.5,no-interaction,370.8,no-interaction
t2,268,00:00:08,674.5,453.5,15.0,13.0,29.2,no-interaction,60.8,no-interaction,368.5,no-interaction
t2,269,00:00:08,673.5,453.5,15.0,13.0,28.1,no-interaction,61.5,no-interaction,366.9,no-interaction
t2,270,00:00:09,674.5,453.5,15.0,13.0,29.3,no-interaction,60.8,no-interaction,365.9,no-interaction
t2,271,00:00:09,674.5,453.5,15.0,13.0,30.3,no-interaction,60.8,no-interaction,364.2,no-interaction
t2,272,00:00:09,673.5,453.5,15.0,13.0,30.4,no-interaction,61.5,no-interaction,362.0,no-interaction
t2,273,00:00:09,674.5,453.5,15.0,13.0,30.3,no-interaction,60.8,no-interaction,359.2,no-interaction
t2,274,00:00:09,674.5,452.5,15.0,13.0,31.6,no-interaction,60.1,no-interaction,356.5,no-interaction
t2,275,00:00:09,674.5,449.5,15.0,13.0,32.3,no-interaction,59.4,no-interaction,354.1,no-interaction
t2,276,00:00:09,675.5,448.5,15.0,13.0,33.5,no-interaction,58.0,no-interaction,350.5,no-interaction
t2,277,00:00:09,677.5,446.5,15.0,13.0,37.3,no-interaction,54.5,no-interaction,349.3,no-interaction
t2,278,00:00:09,677.5,443.5,15.0,13.0,41.1,no-interaction,51.9,no-interaction,344.9,no-interaction
t2,279,00:00:09,677.5,442.5,15.0,13.0,42.1,no-interaction,50.1,no-interaction,346.3,no-interaction
t2,280,00:00:09,677.5,439.5,15.0,13.0,45.3,no-interaction,47.9,no-interaction,343.9,no-interaction
t2,281,00:00:09,677.5,438.5,15.0,13.0,48.9,no-interaction,46.8,no-interaction,344.8,no-interaction
t2,282,00:00:09,678.5,435.5,15.0,13.0,53.5,no-interaction,44.1,no-interaction,343.2,no-interaction
t2,283,00:00:09,679.5,434.5,15.0,13.0,55.8,no-interaction,42.7,no-interaction,342.4,no-interaction
t2,284,00:00:09,681.5,431.5,15.0,13.0,59.4,no-interaction,39.3,no-interaction,341.6,no-interaction
t2,285,00:00:09,682.5,430.5,15.0,13.0,62.1,no-interaction,36.7,no-interaction,342.8,no-interaction
t2,286,00:00:09,682.5,426.5,15.0,13.0,66.0,no-interaction,35.3,no-interaction,341.9,no-interaction
t2,287,00:00:09,683.5,424.5,15.0,13.0,70.5,no-interaction,33.8,no-interaction,341.5,no-interaction
t2,288,00:00:09,685.5,422.5,15.0,13.0,74.9,no-interaction,31.6,no-interaction,342.6,no-interaction
t2,289,00:00:09,687.5,420.5,15.0,13.0,79.1,no-interaction,29.5,no-interaction,344.7,no-interaction
t2,290,00:00:09,689.5,420.5,15.0,13.0,83.7,no-interaction,27.5,no-interaction,347.2,no-interaction
t2,291,00:00:09,688.5,422.5,15.0,13.0,84.5,no-interaction,28.6,no-interaction,348.4,no-interaction
t2,292,00:00:09,687.5,425.5,15.0,13.0,83.2,no-interaction,28.9,no-interaction,352.5,no-interaction
t2,293,00:00:09,683.5,424.5,15.0,13.0,83.2,no-interaction,32.7,no-interaction,349.4,no-interaction
t2,294,00:00:09,684.5,423.5,15.0,13.0,85.9,no-interaction,31.6,no-interaction,348.7,no-interaction
t2,295,00:00:09,684.5,423.5,15.0,13.0,89.0,no-interaction,32.6,no-interaction,348.9,no-interaction
t2,296,00:00:09,686.5,422.5,15.0,13.0,92.6,no-interaction,30.5,no-interaction,348.8,no-interaction
t2,297,00:00:09,687.5,421.5,15.0,13.0,98.0,no-interaction,29.5,no-interaction,350.2,no-interaction
t2,298,00:00:09,690.5,422.5,15.0,13.0,102.2,no-interaction,26.5,no-interaction,352.6,no-interaction
t2,299,00:00:09,689.5,421.5,15.0,13.0,104.8,no-interaction,26.5,no-interaction,351.2,no-interaction
t2,300,00:00:10,690.5,420.5,15.0,13.0,108.3,no-interaction,23.8,no-interaction,351.5,no-interaction
t2,301,00:00:10,688.5,419.5,15.0,13.0,109.6,no-interaction,24.1,no-interaction,350.9,no-interaction
t2,302,00:00:10,688.5,419.5,15.0,13.0,111.8,no-interaction,23.1,no-interaction,350.9,no-interaction
t2,303,00:00:10,689.5,420.5,15.0,13.0,115.0,no-interaction,20.4,no-interaction,352.8,no-interaction
t2,304,00:00:10,691.5,419.5,15.0,13.0,121.2,no-interaction,17.9,no-interaction,353.1,no-interaction
t2,305,00:00:10,691.5,419.5,15.0,13.0,123.5,no-interaction,17.0,no-interaction,354.5,no-interaction
t2,306,00:00:10,690.5,420.5,15.0,13.0,126.1,no-interaction,14.8,no-interaction,356.2,no-interaction
t2,307,00:00:10,687.5,420.5,15.0,13.0,126.6,no-interaction,15.7,no-interaction,354.5,no-interaction
t2,308,00:00:10,688.5,420.5,15.0,13.0,129.7,no-interaction,14.6,no-interaction,355.9,no-interaction
t2,309,00:00:10,689.5,419.5,15.0,13.0,135.1,no-interaction,17.5,no-interaction,356.4,no-interaction
t2,310,00:00:10,690.5,420.5,15.0,13.0,139.5,no-interaction,16.9,no-interaction,357.0,no-interaction
t2,311,00:00:10,690.5,419.5,15.0,13.0,141.3,no-interaction,20.9,no-interaction,357.0,no-interaction
t2,312,00:00:10,690.5,420.5,15.0,13.0,143.6,no-interaction,24.0,no-interaction,357.5,no-interaction
t2,313,00:00:10,691.5,419.5,15.0,13.0,147.6,no-interaction,27.3,no-interaction,357.8,no-interaction
t2,314,00:00:10,692.5,420.5,15.0,13.0,151.7,no-interaction,31.3,no-interaction,358.9,no-interaction
t2,315,00:00:10,692.5,419.5,15.0,13.0,155.3,no-interaction,36.9,no-interaction,356.7,no-interaction
t2,316,00:00:10,689.5,420.5,15.0,13.0,153.5,no-interaction,36.9,no-interaction,356.4,no-interaction
t2,317,00:00:10,688.5,421.5,15.0,13.0,158.1,no-interaction,41.0,no-interaction,355.9,no-interaction
t2,318,00:00:10,684.5,420.5,15.0,13.0,155.9,no-interaction,41.7,no-interaction,351.2,no-interaction
t2,319,00:00:10,685.5,419.5,15.0,13.0,159.2,no-interaction,49.5,no-interaction,348.6,no-interaction
t2,320,00:00:10,685.5,420.5,15.0,13.0,162.5,no-interaction,52.4,no-interaction,348.1,no-interaction
t2,321,00:00:10,685.5,420.5,15.0,13.0,165.3,no-interaction,57.3,no-interaction,347.3,no-interaction
t2,322,00:00:10,687.5,419.5,15.0,13.0,169.7,no-interaction,63.9,no-interaction,345.3,no-interaction
t2,323,00:00:10,688.5,420.5,15.0,13.0,174.4,no-interaction,66.7,no-interaction,346.7,no-interaction
t2,324,00:00:10,687.5,419.5,15.0,13.0,175.9,no-interaction,72.6,no-interaction,343.9,no-interaction
t2,325,00:00:10,688.5,420.5,15.0,13.0,179.3,no-interaction,75.0,no-interaction,345.3,no-interaction
t2,326,00:00:10,686.5,419.5,15.0,13.0,180.3,no-interaction,77.2,no-interaction,342.8,no-interaction
t2,327,00:00:10,689.5,419.5,15.0,13.0,185.3,no-interaction,85.7,no-interaction,344.5,no-interaction
t2,328,00:00:10,690.5,419.5,15.0,13.0,188.5,no-interaction,90.6,no-interaction,344.2,no-interaction
t2,329,00:00:10,690.5,419.5,15.0,13.0,189.1,no-interaction,95.2,no-interaction,344.2,no-interaction
t2,330,00:00:11,690.5,419.5,15.0,13.0,192.0,no-interaction,97.0,no-interaction,344.2,no-interaction
t2,331,00:00:11,691.5,419.5,15.0,13.0,194.8,no-interaction,103.5,no-interaction,344.7,no-interaction
t2,332,00:00:11,691.5,419.5,15.0,13.0,198.4,no-interaction,106.7,no-interaction,344.7,no-interaction
t2,333,00:00:11,690.5,419.5,15.0,13.0,198.8,no-interaction,109.3,no-interaction,345.0,no-interaction
t2,334,00:00:11,688.5,419.5,15.0,13.0,198.2,no-interaction,112.3,no-interaction,344.8,no-interaction
t2,335,00:00:11,688.5,420.5,15.0,13.0,199.1,no-interaction,114.1,no-interaction,345.6,no-interaction
t2,336,00:00:11,690.5,419.5,15.0,13.0,203.2,no-interaction,120.8,no-interaction,346.7,no-interaction
t2,337,00:00:11,691.5,419.5,15.0,13.0,206.9,no-interaction,123.4,no-interaction,348.9,no-interaction
t2,338,00:00:11,692.5,419.5,15.0,13.0,210.3,no-interaction,127.5,no-interaction,350.8,no-interaction
t2,339,00:00:11,692.5,419.5,15.0,13.0,212.0,no-interaction,131.3,no-interaction,350.8,no-interaction
t2,340,00:00:11,692.5,419.5,15.0,13.0,216.0,no-interaction,133.2,no-interaction,351.7,no-interaction
t2,341,00:00:11,692.5,419.5,15.0,13.0,218.7,no-interaction,136.7,no-interaction,353.3,no-interaction
t2,342,00:00:11,692.5,419.5,15.0,13.0,223.2,no-interaction,142.6,no-interaction,355.0,no-interaction
t2,343,00:00:11,692.5,419.5,15.0,13.0,224.2,no-interaction,146.2,no-interaction,356.7,no-interaction
t2,344,00:00:11,693.5,419.5,15.0,13.0,227.9,no-interaction,150.2,no-interaction,358.4,no-interaction
t2,345,00:00:11,694.5,418.5,15.0,13.0,233.2,no-interaction,157.7,no-interaction,359.5,no-interaction
t2,346,00:00:11,694.5,417.5,15.0,13.0,236.0,no-interaction,160.9,no-interaction,359.5,no-interaction
t2,347,00:00:11,694.5,418.5,15.0,13.0,238.2,no-interaction,164.7,no-interaction,362.8,no-interaction
t2,348,00:00:11,694.5,417.5,15.0,13.0,240.0,no-interaction,169.1,no-interaction,362.8,no-interaction
t2,349,00:00:11,695.5,417.5,15.0,13.0,241.8,no-interaction,172.8,no-interaction,366.4,no-interaction
t2,350,00:00:11,696.5,417.5,15.0,13.0,245.4,no-interaction,181.3,no-interaction,368.6,no-interaction
t2,351,00:00:11,698.5,416.5,15.0,13.0,247.3,no-interaction,186.9,no-interaction,368.3,no-interaction
t2,352,00:00:11,699.5,414.5,15.0,13.0,250.2,no-interaction,192.5,no-interaction,368.6,no-interaction
t2,353,00:00:11,701.5,413.5,15.0,13.0,254.0,no-interaction,199.0,no-interaction,370.5,no-interaction
t2,354,00:00:11,702.5,413.5,15.0,13.0,255.5,no-interaction,202.8,no-interaction,372.8,no-interaction
t2,355,00:00:11,703.5,412.5,15.0,13.0,258.3,no-interaction,210.6,no-interaction,373.3,no-interaction
t2,356,00:00:11,707.5,409.5,15.0,13.0,263.3,no-interaction,217.3,no-interaction,373.6,no-interaction
t2,357,00:00:11,709.5,408.5,15.0,13.0,267.3,no-interaction,223.3,no-interaction,373.9,no-interaction
t2,358,00:00:11,711.5,406.5,15.0,13.0,271.2,no-interaction,230.2,no-interaction,373.5,no-interaction
t2,359,00:00:11,714.5,405.5,15.0,13.0,277.0,no-interaction,234.1,no-interaction,374.4,no-interaction
t2,360,00:00:12,716.5,404.5,15.0,13.0,282.0,no-interaction,242.0,no-interaction,375.3,no-interaction
t2,361,00:00:12,719.5,402.5,15.0,13.0,287.8,no-interaction,249.7,no-interaction,375.3,no-interaction
t2,362,00:00:12,722.5,399.5,15.0,13.0,294.9,no-interaction,255.7,no-interaction,376.1,no-interaction
t2,363,00:00:12,723.5,397.5,15.0,13.0,298.0,no-interaction,259.0,no-interaction,375.6,no-interaction
t2,364,00:00:12,726.5,395.5,15.0,13.0,305.1,no-interaction,264.8,no-interaction,376.7,no-interaction
t2,365,00:00:12,730.5,393.5,15.0,13.0,312.2,no-interaction,270.8,no-interaction,377.5,no-interaction
t2,366,00:00:12,732.5,390.5,15.0,13.0,316.2,no-interaction,278.6,no-interaction,377.3,no-interaction
t2,367,00:00:12,734.5,385.5,15.0,13.0,321.5,no-interaction,283.2,no-interaction,374.6,no-interaction
t2,368,00:00:12,736.5,383.5,15.0,13.0,325.7,no-interaction,286.6,no-interaction,375.2,no-interaction
t2,369,00:00:12,737.5,381.5,15.0,13.0,328.7,no-interaction,290.0,no-interaction,374.3,no-interaction
t2,370,00:00:12,740.5,378.5,15.0,13.0,333.8,no-interaction,295.3,no-interaction,375.5,no-interaction
t2,371,00:00:12,742.5,375.5,15.0,13.0,337.3,no-interaction,302.1,no-interaction,374.6,no-interaction
t2,372,00:00:12,743.5,372.5,15.0,13.0,337.5,no-interaction,305.7,no-interaction,373.1,no-interaction
t2,373,00:00:12,745.5,368.5,15.0,13.0,341.1,no-interaction,309.4,no-interaction,373.0,no-interaction
t2,374,00:00:12,746.5,364.5,15.0,13.0,341.5,no-interaction,312.3,no-interaction,371.6,no-interaction
t2,375,00:00:12,746.5,361.5,15.0,13.0,342.1,no-interaction,315.4,no-interaction,369.5,no-interaction
t2,376,00:00:12,747.5,359.5,15.0,13.0,343.3,no-interaction,319.1,no-interaction,369.5,no-interaction
t2,377,00:00:12,749.5,357.5,15.0,13.0,346.7,no-interaction,324.7,no-interaction,371.6,no-interaction
t2,378,00:00:12,750.5,354.5,15.0,13.0,349.0,no-interaction,327.1,no-interaction,370.9,no-interaction
t2,379,00:00:12,750.5,352.5,15.0,13.0,351.8,no-interaction,327.8,no-interaction,368.8,no-interaction
t2,380,00:00:12,749.5,350.5,15.0,13.0,353.5,no-interaction,328.1,no-interaction,368.1,no-interaction
t2,381,00:00:12,750.5,349.5,15.0,13.0,360.9,no-interaction,330.0,no-interaction,368.2,no-interaction
t2,382,00:00:12,750.5,348.5,15.0,13.0,362.1,no-interaction,330.8,no-interaction,367.5,no-interaction
t2,383,00:00:12,750.5,345.5,15.0,13.0,366.0,no-interaction,332.2,no-interaction,365.4,no-interaction
t2,384,00:00:12,750.5,344.5,15.0,13.0,369.4,no-interaction,333.2,no-interaction,363.3,no-interaction
t2,385,00:00:12,752.5,339.5,15.0,13.0,373.5,no-interaction,337.2,no-interaction,362.1,no-interaction
t2,386,00:00:12,753.5,337.5,15.0,13.0,374.0,no-interaction,338.5,no-interaction,360.8,no-interaction
t2,387,00:00:12,755.5,335.5,15.0,13.0,376.5,no-interaction,340.9,no-interaction,361.6,no-interaction
t2,388,00:00:12,755.5,333.5,15.0,13.0,379.4,no-interaction,341.4,no-interaction,359.6,no-interaction
t2,389,00:00:12,755.5,332.5,15.0,13.0,379.7,no-interaction,341.6,no-interaction,359.0,no-interaction
t2,390,00:00:13,755.5,330.5,15.0,13.0,378.6,no-interaction,342.1,no-interaction,357.7,no-interaction
t2,391,00:00:13,755.5,329.5,15.0,13.0,375.4,no-interaction,342.4,no-interaction,357.0,no-interaction
t2,392,00:00:13,755.5,329.5,15.0,13.0,375.2,no-interaction,342.4,no-interaction,357.0,no-interaction
t2,393,00:00:13,756.5,327.5,15.0,13.0,374.1,no-interaction,344.6,no-interaction,356.5,no-interaction
t2,394,00:00:13,756.5,325.5,15.0,13.0,371.0,no-interaction,345.1,no-interaction,354.5,no-interaction
t2,395,00:00:13,757.5,323.5,15.0,13.0,369.0,no-interaction,348.0,no-interaction,353.4,no-interaction
t2,396,00:00:13,758.5,320.5,15.0,13.0,367.0,no-interaction,350.5,no-interaction,352.3,no-interaction
t2,397,00:00:13,757.5,316.5,15.0,13.0,363.0,no-interaction,352.3,no-interaction,348.3,no-interaction
t2,398,00:00:13,758.5,314.5,15.0,13.0,364.0,no-interaction,354.7,no-interaction,346.7,no-interaction
t2,399,00:00:13,758.5,312.5,15.0,13.0,363.0,no-interaction,357.2,no-interaction,345.6,no-interaction
t2,400,00:00:13,759.5,309.5,15.0,13.0,363.0,no-interaction,360.0,no-interaction,343.4,no-interaction
t2,401,00:00:13,760.5,307.5,15.0,13.0,365.1,no-interaction,361.5,no-interaction,342.4,no-interaction
t2,402,00:00:13,759.5,304.5,15.0,13.0,364.2,no-interaction,361.8,no-interaction,338.7,no-interaction
t2,403,00:00:13,758.5,300.5,15.0,13.0,363.3,no-interaction,362.1,no-interaction,334.4,no-interaction
t2,404,00:00:13,757.5,298.5,15.0,13.0,362.4,no-interaction,362.7,no-interaction,331.9,no-interaction
t2,405,00:00:13,757.5,295.5,15.0,13.0,361.6,no-interaction,363.7,no-interaction,330.5,no-interaction
t2,406,00:00:13,757.5,292.5,15.0,13.0,362.7,no-interaction,365.6,no-interaction,327.4,no-interaction
t2,407,00:00:13,755.5,288.5,15.0,13.0,360.0,no-interaction,365.1,no-interaction,322.5,no-interaction
t2,408,00:00:13,754.5,286.5,15.0,13.0,359.0,no-interaction,364.9,no-interaction,319.5,no-interaction
t2,409,00:00:13,751.5,284.5,15.0,13.0,357.1,no-interaction,362.8,no-interaction,314.5,no-interaction
t2,410,00:00:13,751.5,282.5,15.0,13.0,357.1,no-interaction,363.5,no-interaction,311.5,no-interaction
t2,411,00:00:13,750.5,279.5,15.0,13.0,356.2,no-interaction,363.7,no-interaction,307.6,no-interaction
t2,412,00:00:13,749.5,277.5,15.0,13.0,355.3,no-interaction,363.5,no-interaction,305.2,no-interaction
t2,413,00:00:13,749.5,274.5,15.0,13.0,356.4,no-interaction,364.7,no-interaction,301.8,no-interaction
t2,414,00:00:13,749.5,270.5,15.0,13.0,358.6,no-interaction,366.2,no-interaction,297.6,no-interaction
t2,415,00:00:13,748.5,266.5,15.0,13.0,359.8,no-interaction,367.4,no-interaction,292.1,no-interaction
t2,416,00:00:13,747.5,264.5,15.0,13.0,359.8,no-interaction,367.8,no-interaction,288.5,no-interaction
t2,417,00:00:13,747.5,260.5,15.0,13.0,362.0,no-interaction,369.9,no-interaction,285.3,no-interaction
t2,418,00:00:13,748.5,257.5,15.0,13.0,366.1,no-interaction,374.0,no-interaction,283.1,no-interaction
t2,419,00:00:13,749.5,255.5,15.0,13.0,370.2,no-interaction,374.9,no-interaction,282.3,no-interaction
t2,420,00:00:14,751.5,251.5,15.0,13.0,374.6,no-interaction,377.6,no-interaction,278.9,no-interaction
t2,421,00:00:14,751.5,248.5,15.0,13.0,377.8,no-interaction,378.5,no-interaction,275.8,no-interaction
t2,422,00:00:14,752.5,244.5,15.0,13.0,381.9,no-interaction,381.1,no-interaction,274.2,no-interaction
t2,423,00:00:14,752.5,241.5,15.0,13.0,384.1,no-interaction,381.5,no-interaction,270.8,no-interaction
t2,424,00:00:14,753.5,239.5,15.0,13.0,387.1,no-interaction,382.5,no-interaction,268.2,no-interaction
t2,425,00:00:14,755.5,234.5,15.0,13.0,392.5,no-interaction,386.1,no-interaction,266.0,no-interaction
t2,426,00:00:14,756.5,231.5,15.0,13.0,397.7,no-interaction,387.8,no-interaction,264.6,no-interaction
t2,427,00:00:14,754.5,229.5,15.0,13.0,397.8,no-interaction,386.9,no-interaction,260.5,no-interaction
t2,428,00:00:14,754.5,225.5,15.0,13.0,399.9,no-interaction,387.3,no-interaction,257.3,no-interaction
t2,429,00:00:14,754.5,223.5,15.0,13.0,401.1,no-interaction,387.3,no-interaction,254.7,no-interaction
t2,430,00:00:14,755.5,221.5,15.0,13.0,401.8,no-interaction,388.6,no-interaction,253.5,no-interaction
t2,431,00:00:14,756.5,218.5,15.0,13.0,403.6,no-interaction,390.5,no-interaction,251.9,no-interaction
t2,432,00:00:14,756.5,214.5,15.0,13.0,405.9,no-interaction,390.9,no-interaction,249.4,no-interaction
t2,433,00:00:14,755.5,211.5,15.0,13.0,405.9,no-interaction,390.4,no-interaction,245.2,no-interaction
t2,434,00:00:14,754.5,209.5,15.0,13.0,405.7,no-interaction,390.4,no-interaction,242.1,no-interaction
t2,435,00:00:14,752.5,207.5,15.0,13.0,404.5,no-interaction,388.6,no-interaction,238.6,no-interaction
t2,436,00:00:14,752.5,204.5,15.0,13.0,403.4,no-interaction,389.0,no-interaction,235.8,no-interaction
t2,437,00:00:14,751.5,202.5,15.0,13.0,402.2,no-interaction,388.5,no-interaction,233.0,no-interaction
t2,438,00:00:14,752.5,198.5,15.0,13.0,403.5,no-interaction,390.3,no-interaction,229.6,no-interaction
t2,439,00:00:14,751.5,196.5,15.0,13.0,402.5,no-interaction,389.4,no-interaction,225.8,no-interaction
t2,440,00:00:14,751.5,193.5,15.0,13.0,402.4,no-interaction,389.8,no-interaction,221.4,no-interaction
t2,441,00:00:14,750.5,192.5,15.0,13.0,400.0,no-interaction,389.4,no-interaction,217.2,no-interaction
t2,442,00:00:14,747.5,189.5,15.0,13.0,395.1,no-interaction,387.5,no-interaction,210.6,no-interaction
t2,443,00:00:14,746.5,188.5,15.0,13.0,391.7,no-interaction,386.2,no-interaction,206.8,no-interaction
